
        <topology>

            <gateway>

                <provider>
                    <role>authentication</role>
                    <name>ShiroProvider</name>
                    <enabled>true</enabled>
                    <param>
                        <name>sessionTimeout</name>
                        <value>30</value>
                    </param>
                    <param>
                        <name>main.ldapRealm</name>
                        <value>org.apache.hadoop.gateway.shirorealm.KnoxLdapRealm</value>
                    </param>
            <param>
                <name>main.ldapContextFactory</name>
                <value>org.apache.hadoop.gateway.shirorealm.KnoxLdapContextFactory</value>
            </param>
            <param>
                <name>main.ldapRealm.authorizationEnabled</name>
                <value>true</value>
            </param>
                    <param>
                        <name>main.ldapRealm.userDnTemplate</name>
                        <value>uid={0},cn=users,cn=accounts,dc=bdfpochp</value>
                    </param>
                    <param>
                        <name>main.ldapRealm.contextFactory.url</name>
                        <value>ldap://inbdfkb01.rouen.francetelecom.fr:389</value>
                    </param>
                    <param>
                        <name>main.ldapRealm.contextFactory.authenticationMechanism</name>
                        <value>simple</value>
                    </param>
                    <param>
                        <name>urls./**</name>
                        <value>authcBasic</value>
                    </param>
            <param>
                <name>main.ldapRealm.searchBase</name>
                <value>dc=bdfpochp</value>
    </param>
    <!--param>
                <name>main.ldapRealm.contextFactory.systemUsername</name>
                <value>uid=ldap_browser,cn=users,cn=accounts,dc=bdfpochp</value>
            </param>
            <param>
                <name>main.ldapRealm.contextFactory.systemPassword</name>
                <value>qB40cW4hkC0ziXR</value>
            </param-->
            <param>
                <name>main.ldapRealm.contextFactory.systemUsername</name>
                <value>uid=admin,cn=users,cn=accounts,dc=bdfpochp</value>
            </param>
            <param>
                <name>main.ldapRealm.contextFactory.systemPassword</name>
                <value>VUdz_Iy_J92K33c9XMS9</value>
            </param>

                </provider>

                <provider>
                    <role>identity-assertion</role>
                    <name>Default</name>
                    <enabled>true</enabled>
                </provider>

                <provider>
                    <role>authorization</role>
                    <name>AclsAuthz</name>
                    <enabled>true</enabled>
                </provider>

            </gateway>

            <service>
                <role>NAMENODE</role>
                <url>hdfs://inbdf0117.rouen.francetelecom.fr:8020</url>
            </service>

            <service>
                <role>JOBTRACKER</role>
                <url>rpc://inbdf0117.rouen.francetelecom.fr:8050</url>
            </service>

            <service>
                <role>WEBHDFS</role>
                <url>http://inbdf0117.rouen.francetelecom.fr:50070/webhdfs</url>
            </service>

            <service>
                <role>WEBHCAT</role>
                <url>http://inbdfot01.rouen.francetelecom.fr:50111/templeton</url>
            </service>

            <service>
                <role>OOZIE</role>
                <url>http://inbdfot01.rouen.francetelecom.fr:11000/oozie</url>
            </service>

            <service>
                <role>WEBHBASE</role>
                <url>http://inbdf0117.rouen.francetelecom.fr:9091</url>
            </service>

            <service>
                <role>HIVE</role>
                <url>http://inbdfot01.rouen.francetelecom.fr:10001/cliservice</url>
            </service>

            <service>
                <role>RESOURCEMANAGER</role>
                <url>http://inbdf0117.rouen.francetelecom.fr:8088/ws</url>
            </service>
            <service>
                <role>YARNUI</role>
                <url>http://inbdf0117.rouen.francetelecom.fr:8088</url>
            </service>
            <service>
                <role>JOBHISTORYUI</role>
                <url>http://inbdfot01.rouen.francetelecom.fr:19888</url>
            </service>
            <service>
                <role>HDFSUI</role>
                <url>http://inbdf0117.rouen.francetelecom.fr:50070</url>
            </service>
            <service>
                <role>SPARKHISTORYUI</role>
                <url>http://inbdf0117.rouen.francetelecom.fr:18080</url>
            </service>
            <service>
                <role>HBASEUI</role>
                <url>http://inbdf0117.rouen.francetelecom.fr:16010</url>
            </service>
            <service>
                <role>OOZIEUI</role>
                <url>http://inbdf0117.rouen.francetelecom.fr:11000</url>
            </service>
            <service>
                <role>ANALYTICSERVER</role>
                <url>http://inbdfot01.rouen.francetelecom.fr:9080/analyticserver</url>
            </service>
           </topology>
