{"node":{"nodeId":"9116d192-184e-4538-9986-0dc68a04c119","address":"inbdfte02.rouen.francetelecom.fr","apiPort":9091,"status":"CONNECTED","heartbeat":"01/24/2017 11:38:34 CET","roles":["Primary Node","Cluster Coordinator"],"activeThreadCount":0,"queued":"719 / 2.81 KB","events":[{"timestamp":"01/23/2017 20:17:53 CET","category":"INFO","message":"Received first heartbeat from connecting node. Node connected."},{"timestamp":"01/23/2017 20:17:47 CET","category":"INFO","message":"Received heartbeat from node previously disconnected due to Lack of Heartbeat. Issuing reconnection request."},{"timestamp":"01/23/2017 20:17:47 CET","category":"INFO","message":"Requesting that node connect to cluster"},{"timestamp":"01/23/2017 20:17:43 CET","category":"INFO","message":"Node Status changed from CONNECTED to DISCONNECTED due to Have not received a heartbeat from node in 60 seconds"},{"timestamp":"01/23/2017 20:08:09 CET","category":"INFO","message":"Node Status changed from CONNECTING to CONNECTED"},{"timestamp":"01/23/2017 20:07:58 CET","category":"INFO","message":"Node Status changed from DISCONNECTED to CONNECTING"},{"timestamp":"01/19/2017 02:15:40 CET","category":"INFO","message":"Node Status changed from CONNECTING to CONNECTED"},{"timestamp":"01/19/2017 02:15:30 CET","category":"INFO","message":"Node Status changed from DISCONNECTED to CONNECTING"},{"timestamp":"01/19/2017 02:12:40 CET","category":"WARNING","message":"Node disconnected from cluster due to Have not received a heartbeat from node in 74 seconds"},{"timestamp":"01/19/2017 02:02:23 CET","category":"INFO","message":"Received first heartbeat from connecting node. Node connected."},{"timestamp":"01/19/2017 02:02:18 CET","category":"INFO","message":"Received heartbeat but ignoring because it was reported before the node was last asked to reconnect."},{"timestamp":"01/19/2017 02:02:12 CET","category":"INFO","message":"Received heartbeat from node previously disconnected due to Lack of Heartbeat. Issuing reconnection request."},{"timestamp":"01/19/2017 02:02:12 CET","category":"INFO","message":"Requesting that node connect to cluster"},{"timestamp":"01/19/2017 02:02:07 CET","category":"WARNING","message":"Node disconnected from cluster due to Have not received a heartbeat from node in 58155 seconds"},{"timestamp":"01/16/2017 20:25:00 CET","category":"INFO","message":"Received first heartbeat from connecting node. Node connected."},{"timestamp":"01/16/2017 20:24:55 CET","category":"INFO","message":"Received heartbeat but ignoring because it was reported before the node was last asked to reconnect."},{"timestamp":"01/16/2017 20:24:49 CET","category":"INFO","message":"Received heartbeat from node previously disconnected due to Lack of Heartbeat. Issuing reconnection request."},{"timestamp":"01/16/2017 20:24:49 CET","category":"INFO","message":"Requesting that node connect to cluster"},{"timestamp":"01/16/2017 20:24:44 CET","category":"WARNING","message":"Node disconnected from cluster due to Have not received a heartbeat from node in 376291 seconds"},{"timestamp":"01/16/2017 09:01:09 CET","category":"INFO","message":"Node Status changed from CONNECTING to CONNECTED"},{"timestamp":"01/16/2017 09:01:01 CET","category":"INFO","message":"Node Status changed from CONNECTED to CONNECTING"},{"timestamp":"01/12/2017 11:57:04 CET","category":"INFO","message":"Node Status changed from CONNECTING to CONNECTED"},{"timestamp":"01/12/2017 11:56:58 CET","category":"INFO","message":"Node Status changed from DISCONNECTED to CONNECTING"},{"timestamp":"01/12/2017 11:49:28 CET","category":"INFO","message":"Node disconnected due to User uid=admin,cn=users,cn=accounts,dc=bdfpochp requested that node be disconnected from cluster"},{"timestamp":"01/12/2017 11:49:28 CET","category":"INFO","message":"Disconnection requested due to User uid=admin,cn=users,cn=accounts,dc=bdfpochp requested that node be disconnected from cluster"},{"timestamp":"01/12/2017 02:19:32 CET","category":"INFO","message":"Node Status changed from CONNECTING to CONNECTED"},{"timestamp":"01/12/2017 02:19:18 CET","category":"WARNING","message":"Node disconnected from cluster due to Have not received a heartbeat from node in 118 seconds"},{"timestamp":"01/12/2017 02:19:18 CET","category":"INFO","message":"Node Status changed from DISCONNECTED to CONNECTING"},{"timestamp":"01/12/2017 02:18:17 CET","category":"INFO","message":"Received heartbeat from node previously disconnected due to Lack of Heartbeat. Issuing reconnection request."},{"timestamp":"01/12/2017 02:18:17 CET","category":"INFO","message":"Requesting that node connect to cluster"},{"timestamp":"01/12/2017 02:17:16 CET","category":"WARNING","message":"Node disconnected from cluster due to Have not received a heartbeat from node in 54 seconds"},{"timestamp":"01/12/2017 02:01:43 CET","category":"INFO","message":"Received first heartbeat from connecting node. Node connected."}],"nodeStartTime":"01/06/2017 16:54:47 CET"}}
